test,instance,passenger_count,id_instance,demand_size,group_id,max_vehicle_capacity,fleet_size,total_capacity,user_base,objective_function,run_time,total_delay_C_obj_val,total_delay_B_obj_val,total_delay_A_obj_val,first_tier_rides_C_obj_val,first_tier_rides_B_obj_val,first_tier_rides_A_obj_val,fleet_capacity_obj_val,total_delay_C_obj_mip_gap,total_delay_B_obj_mip_gap,total_delay_A_obj_mip_gap,first_tier_rides_C_obj_mip_gap,first_tier_rides_B_obj_mip_gap,first_tier_rides_A_obj_mip_gap,fleet_capacity_obj_mip_gap,capacity_01,capacity_02,capacity_03,capacity_04,pk_delay_mean_A,pk_delay_mean_B,pk_delay_mean_C,pk_delay_sum_A,pk_delay_sum_B,pk_delay_sum_C,ride_delay_mean_A,ride_delay_mean_B,ride_delay_mean_C,ride_delay_sum_A,ride_delay_sum_B,ride_delay_sum_C,tier_1,tier_1_A,tier_1_B,tier_1_C,tier_1_pk_delay_sum,tier_1_pk_delay_sum_A,tier_1_pk_delay_sum_B,tier_1_pk_delay_sum_C,tier_1_ride_delay_sum,tier_1_ride_delay_sum_A,tier_1_ride_delay_sum_B,tier_1_ride_delay_sum_C,tier_2,tier_2_A,tier_2_B,tier_2_C,tier_2_pk_delay_sum,tier_2_pk_delay_sum_A,tier_2_pk_delay_sum_B,tier_2_pk_delay_sum_C,tier_2_ride_delay_sum,tier_2_ride_delay_sum_A,tier_2_ride_delay_sum_B,tier_2_ride_delay_sum_C,total,total_A,total_B,total_C,total_delay,total_pk_delay,total_pk_delay_A,total_pk_delay_B,total_pk_delay_C,total_ride_delay,total_ride_delay_A,total_ride_delay_B,total_ride_delay_C
slevels_050,slevels_050__manhattan__010__AA__A-68_B-16_C-16__001__maxpcount_01,maxpcount_01,001,10,010_AA,4,10,40,AA,total_delay__first_tier_rides__fleet_capacity,2.1763172149658203,726,58,359,-3,-2,-5,32,0.0001,0.0001,0.0001,0.0001,0.0001,0.0001,0.0001,0,0,0,8,71.8,29.0,218.0,359.0,58.0,654.0,0.0,0.0,24.0,0.0,0.0,72.0,10.0,5.0,2.0,3.0,1071.0,359.0,58.0,654.0,72.0,0.0,0.0,72.0,0.0,0.0,0.0,0.0,0.0,0.0,0.0,0.0,0.0,0.0,0.0,0.0,10.0,5.0,2.0,3.0,1143.0,1071.0,359.0,58.0,654.0,72.0,0.0,0.0,72.0
slevels_080,slevels_080__manhattan__010__AA__A-68_B-16_C-16__001__maxpcount_01,maxpcount_01,001,10,010_AA,4,10,40,AA,total_delay__first_tier_rides__fleet_capacity,1.8727149963378906,726,58,359,-3,-2,-5,32,0.0001,0.0001,0.0001,0.0001,0.0001,0.0001,0.0001,0,0,0,8,71.8,29.0,207.66666666666666,359.0,58.0,623.0,0.0,0.0,34.333333333333336,0.0,0.0,103.0,10.0,5.0,2.0,3.0,1040.0,359.0,58.0,623.0,103.0,0.0,0.0,103.0,0.0,0.0,0.0,0.0,0.0,0.0,0.0,0.0,0.0,0.0,0.0,0.0,10.0,5.0,2.0,3.0,1143.0,1040.0,359.0,58.0,623.0,103.0,0.0,0.0,103.0
slevels_090,slevels_090__manhattan__010__AA__A-68_B-16_C-16__001__maxpcount_01,maxpcount_01,001,10,010_AA,4,10,40,AA,total_delay__first_tier_rides__fleet_capacity,0.8268661499023438,726,58,359,-3,-2,-5,32,0.0001,0.0001,0.0001,0.0001,0.0001,0.0001,0.0001,0,0,0,8,71.8,29.0,207.66666666666666,359.0,58.0,623.0,0.0,0.0,34.333333333333336,0.0,0.0,103.0,10.0,5.0,2.0,3.0,1040.0,359.0,58.0,623.0,103.0,0.0,0.0,103.0,0.0,0.0,0.0,0.0,0.0,0.0,0.0,0.0,0.0,0.0,0.0,0.0,10.0,5.0,2.0,3.0,1143.0,1040.0,359.0,58.0,623.0,103.0,0.0,0.0,103.0
slevels_100,slevels_100__manhattan__010__AA__A-68_B-16_C-16__001__maxpcount_01,maxpcount_01,001,10,010_AA,4,10,40,AA,total_delay__first_tier_rides__fleet_capacity,1.299825668334961,726,58,359,-3,-2,-5,32,0.0001,0.0001,0.0001,0.0001,0.0001,0.0001,0.0001,0,0,0,8,71.8,29.0,207.66666666666666,359.0,58.0,623.0,0.0,0.0,34.333333333333336,0.0,0.0,103.0,10.0,5.0,2.0,3.0,1040.0,359.0,58.0,623.0,103.0,0.0,0.0,103.0,0.0,0.0,0.0,0.0,0.0,0.0,0.0,0.0,0.0,0.0,0.0,0.0,10.0,5.0,2.0,3.0,1143.0,1040.0,359.0,58.0,623.0,103.0,0.0,0.0,103.0
status_quo,status_quo__manhattan__010__AA__A-68_B-16_C-16__001__maxpcount_01,maxpcount_01,001,10,010_AA,4,10,40,AA,total_delay__first_tier_rides__fleet_capacity,1.162912368774414,726,58,359,-3,-2,-5,32,0.0001,0.0001,0.0001,0.0001,0.0001,0.0001,0.0001,0,0,0,8,71.8,29.0,218.0,359.0,58.0,654.0,0.0,0.0,24.0,0.0,0.0,72.0,10.0,5.0,2.0,3.0,1071.0,359.0,58.0,654.0,72.0,0.0,0.0,72.0,0.0,0.0,0.0,0.0,0.0,0.0,0.0,0.0,0.0,0.0,0.0,0.0,10.0,5.0,2.0,3.0,1143.0,1071.0,359.0,58.0,654.0,72.0,0.0,0.0,72.0
slevels_050,slevels_050__manhattan__010__AA__A-68_B-16_C-16__002__maxpcount_01,maxpcount_01,002,10,010_AA,4,10,40,AA,total_delay__first_tier_rides__fleet_capacity,0.13265037536621094,273,411,357,-1,-4,-5,32,0.0001,0.0001,0.0001,0.0001,0.0001,0.0001,0.0001,0,0,0,8,71.4,102.75,273.0,357.0,411.0,273.0,0.0,0.0,0.0,0.0,0.0,0.0,10.0,5.0,4.0,1.0,1041.0,357.0,411.0,273.0,0.0,0.0,0.0,0.0,0.0,0.0,0.0,0.0,0.0,0.0,0.0,0.0,0.0,0.0,0.0,0.0,10.0,5.0,4.0,1.0,1041.0,1041.0,357.0,411.0,273.0,0.0,0.0,0.0,0.0
slevels_080,slevels_080__manhattan__010__AA__A-68_B-16_C-16__002__maxpcount_01,maxpcount_01,002,10,010_AA,4,10,40,AA,total_delay__first_tier_rides__fleet_capacity,0.1376361846923828,273,411,357,-1,-4,-5,32,0.0001,0.0001,0.0001,0.0001,0.0001,0.0001,0.0001,0,0,0,8,71.4,102.75,273.0,357.0,411.0,273.0,0.0,0.0,0.0,0.0,0.0,0.0,10.0,5.0,4.0,1.0,1041.0,357.0,411.0,273.0,0.0,0.0,0.0,0.0,0.0,0.0,0.0,0.0,0.0,0.0,0.0,0.0,0.0,0.0,0.0,0.0,10.0,5.0,4.0,1.0,1041.0,1041.0,357.0,411.0,273.0,0.0,0.0,0.0,0.0
slevels_090,slevels_090__manhattan__010__AA__A-68_B-16_C-16__002__maxpcount_01,maxpcount_01,002,10,010_AA,4,10,40,AA,total_delay__first_tier_rides__fleet_capacity,0.07679367065429688,273,411,357,-1,-4,-5,32,0.0001,0.0001,0.0001,0.0001,0.0001,0.0001,0.0001,0,0,0,8,71.4,102.75,273.0,357.0,411.0,273.0,0.0,0.0,0.0,0.0,0.0,0.0,10.0,5.0,4.0,1.0,1041.0,357.0,411.0,273.0,0.0,0.0,0.0,0.0,0.0,0.0,0.0,0.0,0.0,0.0,0.0,0.0,0.0,0.0,0.0,0.0,10.0,5.0,4.0,1.0,1041.0,1041.0,357.0,411.0,273.0,0.0,0.0,0.0,0.0
slevels_100,slevels_100__manhattan__010__AA__A-68_B-16_C-16__002__maxpcount_01,maxpcount_01,002,10,010_AA,4,10,40,AA,total_delay__first_tier_rides__fleet_capacity,0.06682395935058594,273,411,357,-1,-4,-5,32,0.0001,0.0001,0.0001,0.0001,0.0001,0.0001,0.0001,0,0,0,8,71.4,102.75,273.0,357.0,411.0,273.0,0.0,0.0,0.0,0.0,0.0,0.0,10.0,5.0,4.0,1.0,1041.0,357.0,411.0,273.0,0.0,0.0,0.0,0.0,0.0,0.0,0.0,0.0,0.0,0.0,0.0,0.0,0.0,0.0,0.0,0.0,10.0,5.0,4.0,1.0,1041.0,1041.0,357.0,411.0,273.0,0.0,0.0,0.0,0.0
status_quo,status_quo__manhattan__010__AA__A-68_B-16_C-16__002__maxpcount_01,maxpcount_01,002,10,010_AA,4,10,40,AA,total_delay__first_tier_rides__fleet_capacity,0.16755294799804688,273,411,631,-1,-4,-5,28,0.0001,0.0001,0.0001,0.0001,0.0001,0.0001,0.0001,0,0,0,7,126.2,102.75,273.0,631.0,411.0,273.0,0.0,0.0,0.0,0.0,0.0,0.0,10.0,5.0,4.0,1.0,1315.0,631.0,411.0,273.0,0.0,0.0,0.0,0.0,0.0,0.0,0.0,0.0,0.0,0.0,0.0,0.0,0.0,0.0,0.0,0.0,10.0,5.0,4.0,1.0,1315.0,1315.0,631.0,411.0,273.0,0.0,0.0,0.0,0.0
slevels_050,slevels_050__manhattan__010__AA__A-68_B-16_C-16__003__maxpcount_01,maxpcount_01,003,10,010_AA,4,10,40,AA,total_delay__first_tier_rides__fleet_capacity,0.06782150268554688,117,0,1219,-1,0,-8,36,0.0001,0.0001,0.0001,0.0001,0.0001,0.0001,0.0001,0,0,0,9,135.44444444444446,,117.0,1219.0,0.0,117.0,0.0,,0.0,0.0,0.0,0.0,9.0,8.0,0.0,1.0,1016.0,899.0,0.0,117.0,0.0,0.0,0.0,0.0,1.0,1.0,0.0,0.0,320.0,320.0,0.0,0.0,0.0,0.0,0.0,0.0,10.0,9.0,0.0,1.0,1336.0,1336.0,1219.0,0.0,117.0,0.0,0.0,0.0,0.0
slevels_080,slevels_080__manhattan__010__AA__A-68_B-16_C-16__003__maxpcount_01,maxpcount_01,003,10,010_AA,4,10,40,AA,total_delay__first_tier_rides__fleet_capacity,0.05784797668457031,117,0,1219,-1,0,-8,36,0.0001,0.0001,0.0001,0.0001,0.0001,0.0001,0.0001,0,0,0,9,135.44444444444446,,117.0,1219.0,0.0,117.0,0.0,,0.0,0.0,0.0,0.0,9.0,8.0,0.0,1.0,1016.0,899.0,0.0,117.0,0.0,0.0,0.0,0.0,1.0,1.0,0.0,0.0,320.0,320.0,0.0,0.0,0.0,0.0,0.0,0.0,10.0,9.0,0.0,1.0,1336.0,1336.0,1219.0,0.0,117.0,0.0,0.0,0.0,0.0
slevels_090,slevels_090__manhattan__010__AA__A-68_B-16_C-16__003__maxpcount_01,maxpcount_01,003,10,010_AA,4,10,40,AA,total_delay__first_tier_rides__fleet_capacity,0.05424308776855469,117,0,1219,-1,0,-8,36,0.0001,0.0001,0.0001,0.0001,0.0001,0.0001,0.0001,0,0,0,9,135.44444444444446,,117.0,1219.0,0.0,117.0,0.0,,0.0,0.0,0.0,0.0,9.0,8.0,0.0,1.0,1016.0,899.0,0.0,117.0,0.0,0.0,0.0,0.0,1.0,1.0,0.0,0.0,320.0,320.0,0.0,0.0,0.0,0.0,0.0,0.0,10.0,9.0,0.0,1.0,1336.0,1336.0,1219.0,0.0,117.0,0.0,0.0,0.0,0.0
slevels_100,slevels_100__manhattan__010__AA__A-68_B-16_C-16__003__maxpcount_01,maxpcount_01,003,10,010_AA,4,10,40,AA,total_delay__first_tier_rides__fleet_capacity,0.024934768676757812,117,0,864,-1,0,-9,40,0.0001,0.0001,0.0001,0.0001,0.0001,0.0001,0.0001,0,0,0,10,96.0,,117.0,864.0,0.0,117.0,0.0,,0.0,0.0,0.0,0.0,10.0,9.0,0.0,1.0,981.0,864.0,0.0,117.0,0.0,0.0,0.0,0.0,0.0,0.0,0.0,0.0,0.0,0.0,0.0,0.0,0.0,0.0,0.0,0.0,10.0,9.0,0.0,1.0,981.0,981.0,864.0,0.0,117.0,0.0,0.0,0.0,0.0
status_quo,status_quo__manhattan__010__AA__A-68_B-16_C-16__003__maxpcount_01,maxpcount_01,003,10,010_AA,4,10,40,AA,total_delay__first_tier_rides__fleet_capacity,0.059841156005859375,117,0,1384,-1,0,-9,32,0.0001,0.0001,0.0001,0.0001,0.0001,0.0001,0.0001,0,0,0,8,153.77777777777777,,117.0,1384.0,0.0,117.0,0.0,,0.0,0.0,0.0,0.0,10.0,9.0,0.0,1.0,1501.0,1384.0,0.0,117.0,0.0,0.0,0.0,0.0,0.0,0.0,0.0,0.0,0.0,0.0,0.0,0.0,0.0,0.0,0.0,0.0,10.0,9.0,0.0,1.0,1501.0,1501.0,1384.0,0.0,117.0,0.0,0.0,0.0,0.0
slevels_050,slevels_050__manhattan__010__AA__A-68_B-16_C-16__004__maxpcount_01,maxpcount_01,004,10,010_AA,4,10,40,AA,total_delay__first_tier_rides__fleet_capacity,0.046875,0,418,798,0,-2,-8,40,0.0001,0.0001,0.0001,0.0001,0.0001,0.0001,0.0001,0,0,0,10,99.75,209.0,,798.0,418.0,0.0,0.0,0.0,,0.0,0.0,0.0,10.0,8.0,2.0,0.0,1216.0,798.0,418.0,0.0,0.0,0.0,0.0,0.0,0.0,0.0,0.0,0.0,0.0,0.0,0.0,0.0,0.0,0.0,0.0,0.0,10.0,8.0,2.0,0.0,1216.0,1216.0,798.0,418.0,0.0,0.0,0.0,0.0,0.0
slevels_080,slevels_080__manhattan__010__AA__A-68_B-16_C-16__004__maxpcount_01,maxpcount_01,004,10,010_AA,4,10,40,AA,total_delay__first_tier_rides__fleet_capacity,0.06483840942382812,0,418,798,0,-2,-8,40,0.0001,0.0001,0.0001,0.0001,0.0001,0.0001,0.0001,0,0,0,10,99.75,209.0,,798.0,418.0,0.0,0.0,0.0,,0.0,0.0,0.0,10.0,8.0,2.0,0.0,1216.0,798.0,418.0,0.0,0.0,0.0,0.0,0.0,0.0,0.0,0.0,0.0,0.0,0.0,0.0,0.0,0.0,0.0,0.0,0.0,10.0,8.0,2.0,0.0,1216.0,1216.0,798.0,418.0,0.0,0.0,0.0,0.0,0.0
slevels_090,slevels_090__manhattan__010__AA__A-68_B-16_C-16__004__maxpcount_01,maxpcount_01,004,10,010_AA,4,10,40,AA,total_delay__first_tier_rides__fleet_capacity,0.04488182067871094,0,418,798,0,-2,-8,40,0.0001,0.0001,0.0001,0.0001,0.0001,0.0001,0.0001,0,0,0,10,99.75,209.0,,798.0,418.0,0.0,0.0,0.0,,0.0,0.0,0.0,10.0,8.0,2.0,0.0,1216.0,798.0,418.0,0.0,0.0,0.0,0.0,0.0,0.0,0.0,0.0,0.0,0.0,0.0,0.0,0.0,0.0,0.0,0.0,0.0,10.0,8.0,2.0,0.0,1216.0,1216.0,798.0,418.0,0.0,0.0,0.0,0.0,0.0
slevels_100,slevels_100__manhattan__010__AA__A-68_B-16_C-16__004__maxpcount_01,maxpcount_01,004,10,010_AA,4,10,40,AA,total_delay__first_tier_rides__fleet_capacity,0.023935317993164062,0,418,798,0,-2,-8,40,0.0001,0.0001,0.0001,0.0001,0.0001,0.0001,0.0001,0,0,0,10,99.75,209.0,,798.0,418.0,0.0,0.0,0.0,,0.0,0.0,0.0,10.0,8.0,2.0,0.0,1216.0,798.0,418.0,0.0,0.0,0.0,0.0,0.0,0.0,0.0,0.0,0.0,0.0,0.0,0.0,0.0,0.0,0.0,0.0,0.0,10.0,8.0,2.0,0.0,1216.0,1216.0,798.0,418.0,0.0,0.0,0.0,0.0,0.0
status_quo,status_quo__manhattan__010__AA__A-68_B-16_C-16__004__maxpcount_01,maxpcount_01,004,10,010_AA,4,10,40,AA,total_delay__first_tier_rides__fleet_capacity,0.07280349731445312,0,370,1158,0,-2,-8,36,0.0001,0.0001,0.0001,0.0001,0.0001,0.0001,0.0001,0,0,0,9,144.75,185.0,,1158.0,370.0,0.0,0.0,0.0,,0.0,0.0,0.0,10.0,8.0,2.0,0.0,1528.0,1158.0,370.0,0.0,0.0,0.0,0.0,0.0,0.0,0.0,0.0,0.0,0.0,0.0,0.0,0.0,0.0,0.0,0.0,0.0,10.0,8.0,2.0,0.0,1528.0,1528.0,1158.0,370.0,0.0,0.0,0.0,0.0,0.0
slevels_050,slevels_050__manhattan__010__AA__A-68_B-16_C-16__005__maxpcount_01,maxpcount_01,005,10,010_AA,4,10,40,AA,total_delay__first_tier_rides__fleet_capacity,0.1379833221435547,613,356,648,-3,-2,-4,28,0.0001,0.0001,0.0001,0.0001,0.0001,0.0001,0.0001,0,0,0,7,129.6,178.0,204.33333333333334,648.0,356.0,613.0,0.0,0.0,0.0,0.0,0.0,0.0,9.0,4.0,2.0,3.0,1352.0,383.0,356.0,613.0,0.0,0.0,0.0,0.0,1.0,1.0,0.0,0.0,265.0,265.0,0.0,0.0,0.0,0.0,0.0,0.0,10.0,5.0,2.0,3.0,1617.0,1617.0,648.0,356.0,613.0,0.0,0.0,0.0,0.0
slevels_080,slevels_080__manhattan__010__AA__A-68_B-16_C-16__005__maxpcount_01,maxpcount_01,005,10,010_AA,4,10,40,AA,total_delay__first_tier_rides__fleet_capacity,0.0997314453125,613,356,648,-3,-2,-4,28,0.0001,0.0001,0.0001,0.0001,0.0001,0.0001,0.0001,0,0,0,7,129.6,178.0,204.33333333333334,648.0,356.0,613.0,0.0,0.0,0.0,0.0,0.0,0.0,9.0,4.0,2.0,3.0,1352.0,383.0,356.0,613.0,0.0,0.0,0.0,0.0,1.0,1.0,0.0,0.0,265.0,265.0,0.0,0.0,0.0,0.0,0.0,0.0,10.0,5.0,2.0,3.0,1617.0,1617.0,648.0,356.0,613.0,0.0,0.0,0.0,0.0
slevels_090,slevels_090__manhattan__010__AA__A-68_B-16_C-16__005__maxpcount_01,maxpcount_01,005,10,010_AA,4,10,40,AA,total_delay__first_tier_rides__fleet_capacity,0.05185699462890625,591,356,435,-3,-2,-5,32,0.0001,0.0001,0.0001,0.0001,0.0001,0.0001,0.0001,0,0,0,8,87.0,178.0,197.0,435.0,356.0,591.0,0.0,0.0,0.0,0.0,0.0,0.0,10.0,5.0,2.0,3.0,1382.0,435.0,356.0,591.0,0.0,0.0,0.0,0.0,0.0,0.0,0.0,0.0,0.0,0.0,0.0,0.0,0.0,0.0,0.0,0.0,10.0,5.0,2.0,3.0,1382.0,1382.0,435.0,356.0,591.0,0.0,0.0,0.0,0.0
slevels_100,slevels_100__manhattan__010__AA__A-68_B-16_C-16__005__maxpcount_01,maxpcount_01,005,10,010_AA,4,10,40,AA,total_delay__first_tier_rides__fleet_capacity,0.05884361267089844,591,356,435,-3,-2,-5,32,0.0001,0.0001,0.0001,0.0001,0.0001,0.0001,0.0001,0,0,0,8,87.0,178.0,197.0,435.0,356.0,591.0,0.0,0.0,0.0,0.0,0.0,0.0,10.0,5.0,2.0,3.0,1382.0,435.0,356.0,591.0,0.0,0.0,0.0,0.0,0.0,0.0,0.0,0.0,0.0,0.0,0.0,0.0,0.0,0.0,0.0,0.0,10.0,5.0,2.0,3.0,1382.0,1382.0,435.0,356.0,591.0,0.0,0.0,0.0,0.0
status_quo,status_quo__manhattan__010__AA__A-68_B-16_C-16__005__maxpcount_01,maxpcount_01,005,10,010_AA,4,10,40,AA,total_delay__first_tier_rides__fleet_capacity,0.18851852416992188,591,356,648,-3,-2,-5,28,0.0001,0.0001,0.0001,0.0001,0.0001,0.0001,0.0001,0,0,0,7,129.6,178.0,197.0,648.0,356.0,591.0,0.0,0.0,0.0,0.0,0.0,0.0,10.0,5.0,2.0,3.0,1595.0,648.0,356.0,591.0,0.0,0.0,0.0,0.0,0.0,0.0,0.0,0.0,0.0,0.0,0.0,0.0,0.0,0.0,0.0,0.0,10.0,5.0,2.0,3.0,1595.0,1595.0,648.0,356.0,591.0,0.0,0.0,0.0,0.0
slevels_050,slevels_050__manhattan__010__BB__A-16_B-68_C-16__001__maxpcount_01,maxpcount_01,001,10,010_BB,4,10,40,BB,total_delay__first_tier_rides__fleet_capacity,1.0990562438964844,0,1346,232,0,-7,-2,28,0.0001,0.0001,0.0001,0.0001,0.0001,0.0001,0.0001,0,0,0,7,116.0,164.875,,232.0,1319.0,0.0,0.0,3.375,,0.0,27.0,0.0,9.0,2.0,7.0,0.0,1147.0,232.0,915.0,0.0,27.0,0.0,27.0,0.0,1.0,0.0,1.0,0.0,404.0,0.0,404.0,0.0,0.0,0.0,0.0,0.0,10.0,2.0,8.0,0.0,1578.0,1551.0,232.0,1319.0,0.0,27.0,0.0,27.0,0.0
slevels_080,slevels_080__manhattan__010__BB__A-16_B-68_C-16__001__maxpcount_01,maxpcount_01,001,10,010_BB,4,10,40,BB,total_delay__first_tier_rides__fleet_capacity,0.8979167938232422,0,1346,232,0,-7,-2,28,0.0001,0.0001,0.0001,0.0001,0.0001,0.0001,0.0001,0,0,0,7,116.0,164.875,,232.0,1319.0,0.0,0.0,3.375,,0.0,27.0,0.0,9.0,2.0,7.0,0.0,1147.0,232.0,915.0,0.0,27.0,0.0,27.0,0.0,1.0,0.0,1.0,0.0,404.0,0.0,404.0,0.0,0.0,0.0,0.0,0.0,10.0,2.0,8.0,0.0,1578.0,1551.0,232.0,1319.0,0.0,27.0,0.0,27.0,0.0
slevels_090,slevels_090__manhattan__010__BB__A-16_B-68_C-16__001__maxpcount_01,maxpcount_01,001,10,010_BB,4,10,40,BB,total_delay__first_tier_rides__fleet_capacity,0.9235343933105469,0,1346,232,0,-7,-2,28,0.0001,0.0001,0.0001,0.0001,0.0001,0.0001,0.0001,0,0,0,7,116.0,164.875,,232.0,1319.0,0.0,0.0,3.375,,0.0,27.0,0.0,9.0,2.0,7.0,0.0,1147.0,232.0,915.0,0.0,27.0,0.0,27.0,0.0,1.0,0.0,1.0,0.0,404.0,0.0,404.0,0.0,0.0,0.0,0.0,0.0,10.0,2.0,8.0,0.0,1578.0,1551.0,232.0,1319.0,0.0,27.0,0.0,27.0,0.0
slevels_100,slevels_100__manhattan__010__BB__A-16_B-68_C-16__001__maxpcount_01,maxpcount_01,001,10,010_BB,4,10,40,BB,total_delay__first_tier_rides__fleet_capacity,0.17054367065429688,0,949,232,0,-8,-2,32,0.0001,0.0001,0.0001,0.0001,0.0001,0.0001,0.0001,0,0,0,8,116.0,115.25,,232.0,922.0,0.0,0.0,3.375,,0.0,27.0,0.0,10.0,2.0,8.0,0.0,1154.0,232.0,922.0,0.0,27.0,0.0,27.0,0.0,0.0,0.0,0.0,0.0,0.0,0.0,0.0,0.0,0.0,0.0,0.0,0.0,10.0,2.0,8.0,0.0,1181.0,1154.0,232.0,922.0,0.0,27.0,0.0,27.0,0.0
status_quo,status_quo__manhattan__010__BB__A-16_B-68_C-16__001__maxpcount_01,maxpcount_01,001,10,010_BB,4,10,40,BB,total_delay__first_tier_rides__fleet_capacity,1.2691383361816406,0,1333,470,0,-8,-2,24,0.0001,0.0001,0.0001,0.0001,0.0001,0.0001,0.0001,0,0,0,6,235.0,163.25,,470.0,1306.0,0.0,0.0,3.375,,0.0,27.0,0.0,10.0,2.0,8.0,0.0,1776.0,470.0,1306.0,0.0,27.0,0.0,27.0,0.0,0.0,0.0,0.0,0.0,0.0,0.0,0.0,0.0,0.0,0.0,0.0,0.0,10.0,2.0,8.0,0.0,1803.0,1776.0,470.0,1306.0,0.0,27.0,0.0,27.0,0.0
slevels_050,slevels_050__manhattan__010__BB__A-16_B-68_C-16__002__maxpcount_01,maxpcount_01,002,10,010_BB,4,10,40,BB,total_delay__first_tier_rides__fleet_capacity,54.525190353393555,811,1905,0,-4,-5,0,20,0.0001,0.0001,0.0001,0.0001,0.0001,0.0001,0.0001,0,0,0,5,,174.66666666666666,148.75,0.0,1048.0,595.0,,36.333333333333336,54.0,0.0,218.0,216.0,9.0,0.0,5.0,4.0,1255.0,0.0,660.0,595.0,434.0,0.0,218.0,216.0,1.0,0.0,1.0,0.0,388.0,0.0,388.0,0.0,0.0,0.0,0.0,0.0,10.0,0.0,6.0,4.0,2077.0,1643.0,0.0,1048.0,595.0,434.0,0.0,218.0,216.0
slevels_080,slevels_080__manhattan__010__BB__A-16_B-68_C-16__002__maxpcount_01,maxpcount_01,002,10,010_BB,4,10,40,BB,total_delay__first_tier_rides__fleet_capacity,41.2967529296875,811,1905,0,-4,-5,0,20,0.0001,0.0001,0.0001,0.0001,0.0001,0.0001,0.0001,0,0,0,5,,174.66666666666666,148.75,0.0,1048.0,595.0,,36.333333333333336,54.0,0.0,218.0,216.0,9.0,0.0,5.0,4.0,1255.0,0.0,660.0,595.0,434.0,0.0,218.0,216.0,1.0,0.0,1.0,0.0,388.0,0.0,388.0,0.0,0.0,0.0,0.0,0.0,10.0,0.0,6.0,4.0,2077.0,1643.0,0.0,1048.0,595.0,434.0,0.0,218.0,216.0
slevels_090,slevels_090__manhattan__010__BB__A-16_B-68_C-16__002__maxpcount_01,maxpcount_01,002,10,010_BB,4,10,40,BB,total_delay__first_tier_rides__fleet_capacity,51.049638748168945,811,1905,0,-4,-5,0,20,0.0001,0.0001,0.0001,0.0001,0.0001,0.0001,0.0001,0,0,0,5,,174.66666666666666,148.75,0.0,1048.0,595.0,,36.333333333333336,54.0,0.0,218.0,216.0,9.0,0.0,5.0,4.0,1255.0,0.0,660.0,595.0,434.0,0.0,218.0,216.0,1.0,0.0,1.0,0.0,388.0,0.0,388.0,0.0,0.0,0.0,0.0,0.0,10.0,0.0,6.0,4.0,2077.0,1643.0,0.0,1048.0,595.0,434.0,0.0,218.0,216.0
slevels_100,slevels_100__manhattan__010__BB__A-16_B-68_C-16__002__maxpcount_01,maxpcount_01,002,10,010_BB,4,10,40,BB,total_delay__first_tier_rides__fleet_capacity,13.661506652832031,669,802,0,-4,-6,0,24,0.0001,0.0001,0.0001,0.0001,0.0001,0.0001,0.0001,0,0,0,6,,121.0,148.75,0.0,726.0,595.0,,12.666666666666666,18.5,0.0,76.0,74.0,10.0,0.0,6.0,4.0,1321.0,0.0,726.0,595.0,150.0,0.0,76.0,74.0,0.0,0.0,0.0,0.0,0.0,0.0,0.0,0.0,0.0,0.0,0.0,0.0,10.0,0.0,6.0,4.0,1471.0,1321.0,0.0,726.0,595.0,150.0,0.0,76.0,74.0
status_quo,status_quo__manhattan__010__BB__A-16_B-68_C-16__002__maxpcount_01,maxpcount_01,002,10,010_BB,4,10,40,BB,total_delay__first_tier_rides__fleet_capacity,61.82602310180664,811,1266,0,-4,-6,0,20,0.0001,0.0001,0.0001,0.0001,0.0001,0.0001,0.0001,0,0,0,5,,174.66666666666666,148.75,0.0,1048.0,595.0,,36.333333333333336,54.0,0.0,218.0,216.0,10.0,0.0,6.0,4.0,1643.0,0.0,1048.0,595.0,434.0,0.0,218.0,216.0,0.0,0.0,0.0,0.0,0.0,0.0,0.0,0.0,0.0,0.0,0.0,0.0,10.0,0.0,6.0,4.0,2077.0,1643.0,0.0,1048.0,595.0,434.0,0.0,218.0,216.0
slevels_050,slevels_050__manhattan__010__BB__A-16_B-68_C-16__003__maxpcount_01,maxpcount_01,003,10,010_BB,4,10,40,BB,total_delay__first_tier_rides__fleet_capacity,2.375734329223633,404,1118,50,-2,-7,-1,28,0.0001,0.0001,0.0001,0.0001,0.0001,0.0001,0.0001,0,0,0,7,50.0,112.57142857142857,173.0,50.0,788.0,346.0,0.0,47.142857142857146,29.0,0.0,330.0,58.0,10.0,1.0,7.0,2.0,1184.0,50.0,788.0,346.0,388.0,0.0,330.0,58.0,0.0,0.0,0.0,0.0,0.0,0.0,0.0,0.0,0.0,0.0,0.0,0.0,10.0,1.0,7.0,2.0,1572.0,1184.0,50.0,788.0,346.0,388.0,0.0,330.0,58.0
slevels_080,slevels_080__manhattan__010__BB__A-16_B-68_C-16__003__maxpcount_01,maxpcount_01,003,10,010_BB,4,10,40,BB,total_delay__first_tier_rides__fleet_capacity,1.6876239776611328,404,1118,50,-2,-7,-1,28,0.0001,0.0001,0.0001,0.0001,0.0001,0.0001,0.0001,0,0,0,7,50.0,112.57142857142857,173.0,50.0,788.0,346.0,0.0,47.142857142857146,29.0,0.0,330.0,58.0,10.0,1.0,7.0,2.0,1184.0,50.0,788.0,346.0,388.0,0.0,330.0,58.0,0.0,0.0,0.0,0.0,0.0,0.0,0.0,0.0,0.0,0.0,0.0,0.0,10.0,1.0,7.0,2.0,1572.0,1184.0,50.0,788.0,346.0,388.0,0.0,330.0,58.0
slevels_090,slevels_090__manhattan__010__BB__A-16_B-68_C-16__003__maxpcount_01,maxpcount_01,003,10,010_BB,4,10,40,BB,total_delay__first_tier_rides__fleet_capacity,1.420196533203125,404,1118,50,-2,-7,-1,28,0.0001,0.0001,0.0001,0.0001,0.0001,0.0001,0.0001,0,0,0,7,50.0,112.57142857142857,173.0,50.0,788.0,346.0,0.0,47.142857142857146,29.0,0.0,330.0,58.0,10.0,1.0,7.0,2.0,1184.0,50.0,788.0,346.0,388.0,0.0,330.0,58.0,0.0,0.0,0.0,0.0,0.0,0.0,0.0,0.0,0.0,0.0,0.0,0.0,10.0,1.0,7.0,2.0,1572.0,1184.0,50.0,788.0,346.0,388.0,0.0,330.0,58.0
slevels_100,slevels_100__manhattan__010__BB__A-16_B-68_C-16__003__maxpcount_01,maxpcount_01,003,10,010_BB,4,10,40,BB,total_delay__first_tier_rides__fleet_capacity,0.5929660797119141,404,1118,50,-2,-7,-1,28,0.0001,0.0001,0.0001,0.0001,0.0001,0.0001,0.0001,0,0,0,7,50.0,112.57142857142857,173.0,50.0,788.0,346.0,0.0,47.142857142857146,29.0,0.0,330.0,58.0,10.0,1.0,7.0,2.0,1184.0,50.0,788.0,346.0,388.0,0.0,330.0,58.0,0.0,0.0,0.0,0.0,0.0,0.0,0.0,0.0,0.0,0.0,0.0,0.0,10.0,1.0,7.0,2.0,1572.0,1184.0,50.0,788.0,346.0,388.0,0.0,330.0,58.0
status_quo,status_quo__manhattan__010__BB__A-16_B-68_C-16__003__maxpcount_01,maxpcount_01,003,10,010_BB,4,10,40,BB,total_delay__first_tier_rides__fleet_capacity,3.9836769104003906,611,1467,50,-2,-7,-1,24,0.0001,0.0001,0.0001,0.0001,0.0001,0.0001,0.0001,0,0,0,6,50.0,151.14285714285714,170.5,50.0,1058.0,341.0,0.0,58.42857142857143,135.0,0.0,409.0,270.0,10.0,1.0,7.0,2.0,1449.0,50.0,1058.0,341.0,679.0,0.0,409.0,270.0,0.0,0.0,0.0,0.0,0.0,0.0,0.0,0.0,0.0,0.0,0.0,0.0,10.0,1.0,7.0,2.0,2128.0,1449.0,50.0,1058.0,341.0,679.0,0.0,409.0,270.0
slevels_050,slevels_050__manhattan__010__BB__A-16_B-68_C-16__004__maxpcount_01,maxpcount_01,004,10,010_BB,4,10,40,BB,total_delay__first_tier_rides__fleet_capacity,15.356132507324219,109,995,0,-1,-8,-1,24,0.0001,0.0001,0.0001,0.0001,0.0001,0.0001,0.0001,0,0,0,6,0.0,90.625,20.0,0.0,725.0,20.0,0.0,33.75,89.0,0.0,270.0,89.0,10.0,1.0,8.0,1.0,745.0,0.0,725.0,20.0,359.0,0.0,270.0,89.0,0.0,0.0,0.0,0.0,0.0,0.0,0.0,0.0,0.0,0.0,0.0,0.0,10.0,1.0,8.0,1.0,1104.0,745.0,0.0,725.0,20.0,359.0,0.0,270.0,89.0
slevels_080,slevels_080__manhattan__010__BB__A-16_B-68_C-16__004__maxpcount_01,maxpcount_01,004,10,010_BB,4,10,40,BB,total_delay__first_tier_rides__fleet_capacity,16.87262725830078,109,995,0,-1,-8,-1,24,0.0001,0.0001,0.0001,0.0001,0.0001,0.0001,0.0001,0,0,0,6,0.0,90.625,20.0,0.0,725.0,20.0,0.0,33.75,89.0,0.0,270.0,89.0,10.0,1.0,8.0,1.0,745.0,0.0,725.0,20.0,359.0,0.0,270.0,89.0,0.0,0.0,0.0,0.0,0.0,0.0,0.0,0.0,0.0,0.0,0.0,0.0,10.0,1.0,8.0,1.0,1104.0,745.0,0.0,725.0,20.0,359.0,0.0,270.0,89.0
slevels_090,slevels_090__manhattan__010__BB__A-16_B-68_C-16__004__maxpcount_01,maxpcount_01,004,10,010_BB,4,10,40,BB,total_delay__first_tier_rides__fleet_capacity,11.150369644165039,109,995,0,-1,-8,-1,24,0.0001,0.0001,0.0001,0.0001,0.0001,0.0001,0.0001,0,0,0,6,0.0,90.625,20.0,0.0,725.0,20.0,0.0,33.75,89.0,0.0,270.0,89.0,10.0,1.0,8.0,1.0,745.0,0.0,725.0,20.0,359.0,0.0,270.0,89.0,0.0,0.0,0.0,0.0,0.0,0.0,0.0,0.0,0.0,0.0,0.0,0.0,10.0,1.0,8.0,1.0,1104.0,745.0,0.0,725.0,20.0,359.0,0.0,270.0,89.0
slevels_100,slevels_100__manhattan__010__BB__A-16_B-68_C-16__004__maxpcount_01,maxpcount_01,004,10,010_BB,4,10,40,BB,total_delay__first_tier_rides__fleet_capacity,3.655710220336914,109,995,0,-1,-8,-1,24,0.0001,0.0001,0.0001,0.0001,0.0001,0.0001,0.0001,0,0,0,6,0.0,90.625,20.0,0.0,725.0,20.0,0.0,33.75,89.0,0.0,270.0,89.0,10.0,1.0,8.0,1.0,745.0,0.0,725.0,20.0,359.0,0.0,270.0,89.0,0.0,0.0,0.0,0.0,0.0,0.0,0.0,0.0,0.0,0.0,0.0,0.0,10.0,1.0,8.0,1.0,1104.0,745.0,0.0,725.0,20.0,359.0,0.0,270.0,89.0
status_quo,status_quo__manhattan__010__BB__A-16_B-68_C-16__004__maxpcount_01,maxpcount_01,004,10,010_BB,4,10,40,BB,total_delay__first_tier_rides__fleet_capacity,38.9946174621582,109,995,0,-1,-8,-1,24,0.0001,0.0001,0.0001,0.0001,0.0001,0.0001,0.0001,0,0,0,6,0.0,90.625,20.0,0.0,725.0,20.0,0.0,33.75,89.0,0.0,270.0,89.0,10.0,1.0,8.0,1.0,745.0,0.0,725.0,20.0,359.0,0.0,270.0,89.0,0.0,0.0,0.0,0.0,0.0,0.0,0.0,0.0,0.0,0.0,0.0,0.0,10.0,1.0,8.0,1.0,1104.0,745.0,0.0,725.0,20.0,359.0,0.0,270.0,89.0
slevels_050,slevels_050__manhattan__010__BB__A-16_B-68_C-16__005__maxpcount_01,maxpcount_01,005,10,010_BB,4,10,40,BB,total_delay__first_tier_rides__fleet_capacity,6.001941680908203,499,1366,78,-3,-5,-1,20,0.0001,0.0001,0.0001,0.0001,0.0001,0.0001,0.0001,0,0,0,5,78.0,179.5,94.33333333333333,78.0,1077.0,283.0,0.0,48.166666666666664,72.0,0.0,289.0,216.0,9.0,1.0,5.0,3.0,1086.0,78.0,725.0,283.0,505.0,0.0,289.0,216.0,1.0,0.0,1.0,0.0,352.0,0.0,352.0,0.0,0.0,0.0,0.0,0.0,10.0,1.0,6.0,3.0,1943.0,1438.0,78.0,1077.0,283.0,505.0,0.0,289.0,216.0
slevels_080,slevels_080__manhattan__010__BB__A-16_B-68_C-16__005__maxpcount_01,maxpcount_01,005,10,010_BB,4,10,40,BB,total_delay__first_tier_rides__fleet_capacity,5.336589813232422,499,1366,78,-3,-5,-1,20,0.0001,0.0001,0.0001,0.0001,0.0001,0.0001,0.0001,0,0,0,5,78.0,179.5,94.33333333333333,78.0,1077.0,283.0,0.0,48.166666666666664,72.0,0.0,289.0,216.0,9.0,1.0,5.0,3.0,1086.0,78.0,725.0,283.0,505.0,0.0,289.0,216.0,1.0,0.0,1.0,0.0,352.0,0.0,352.0,0.0,0.0,0.0,0.0,0.0,10.0,1.0,6.0,3.0,1943.0,1438.0,78.0,1077.0,283.0,505.0,0.0,289.0,216.0
slevels_090,slevels_090__manhattan__010__BB__A-16_B-68_C-16__005__maxpcount_01,maxpcount_01,005,10,010_BB,4,10,40,BB,total_delay__first_tier_rides__fleet_capacity,6.291849136352539,499,1366,78,-3,-5,-1,20,0.0001,0.0001,0.0001,0.0001,0.0001,0.0001,0.0001,0,0,0,5,78.0,179.5,94.33333333333333,78.0,1077.0,283.0,0.0,48.166666666666664,72.0,0.0,289.0,216.0,9.0,1.0,5.0,3.0,1086.0,78.0,725.0,283.0,505.0,0.0,289.0,216.0,1.0,0.0,1.0,0.0,352.0,0.0,352.0,0.0,0.0,0.0,0.0,0.0,10.0,1.0,6.0,3.0,1943.0,1438.0,78.0,1077.0,283.0,505.0,0.0,289.0,216.0
slevels_100,slevels_100__manhattan__010__BB__A-16_B-68_C-16__005__maxpcount_01,maxpcount_01,005,10,010_BB,4,10,40,BB,total_delay__first_tier_rides__fleet_capacity,5.810310363769531,805,928,78,-3,-6,-1,24,0.0001,0.0001,0.0001,0.0001,0.0001,0.0001,0.0001,0,0,0,6,78.0,120.66666666666667,196.33333333333334,78.0,724.0,589.0,0.0,34.0,72.0,0.0,204.0,216.0,10.0,1.0,6.0,3.0,1391.0,78.0,724.0,589.0,420.0,0.0,204.0,216.0,0.0,0.0,0.0,0.0,0.0,0.0,0.0,0.0,0.0,0.0,0.0,0.0,10.0,1.0,6.0,3.0,1811.0,1391.0,78.0,724.0,589.0,420.0,0.0,204.0,216.0
status_quo,status_quo__manhattan__010__BB__A-16_B-68_C-16__005__maxpcount_01,maxpcount_01,005,10,010_BB,4,10,40,BB,total_delay__first_tier_rides__fleet_capacity,5.031951904296875,491,1323,78,-3,-6,-1,20,0.0001,0.0001,0.0001,0.0001,0.0001,0.0001,0.0001,0,0,0,5,78.0,186.5,91.66666666666667,78.0,1119.0,275.0,0.0,34.0,72.0,0.0,204.0,216.0,10.0,1.0,6.0,3.0,1472.0,78.0,1119.0,275.0,420.0,0.0,204.0,216.0,0.0,0.0,0.0,0.0,0.0,0.0,0.0,0.0,0.0,0.0,0.0,0.0,10.0,1.0,6.0,3.0,1892.0,1472.0,78.0,1119.0,275.0,420.0,0.0,204.0,216.0
slevels_050,slevels_050__manhattan__010__CC__A-16_B-16_C-68__001__maxpcount_01,maxpcount_01,001,10,010_CC,4,10,40,CC,total_delay__first_tier_rides__fleet_capacity,1.375833511352539,1213,130,357,-5,-2,-3,28,0.0001,0.0001,0.0001,0.0001,0.0001,0.0001,0.0001,0,0,0,7,119.0,65.0,242.6,357.0,130.0,1213.0,0.0,0.0,0.0,0.0,0.0,0.0,10.0,3.0,2.0,5.0,1700.0,357.0,130.0,1213.0,0.0,0.0,0.0,0.0,0.0,0.0,0.0,0.0,0.0,0.0,0.0,0.0,0.0,0.0,0.0,0.0,10.0,3.0,2.0,5.0,1700.0,1700.0,357.0,130.0,1213.0,0.0,0.0,0.0,0.0
slevels_080,slevels_080__manhattan__010__CC__A-16_B-16_C-68__001__maxpcount_01,maxpcount_01,001,10,010_CC,4,10,40,CC,total_delay__first_tier_rides__fleet_capacity,0.5292110443115234,1213,130,357,-5,-2,-3,28,0.0001,0.0001,0.0001,0.0001,0.0001,0.0001,0.0001,0,0,0,7,119.0,65.0,242.6,357.0,130.0,1213.0,0.0,0.0,0.0,0.0,0.0,0.0,10.0,3.0,2.0,5.0,1700.0,357.0,130.0,1213.0,0.0,0.0,0.0,0.0,0.0,0.0,0.0,0.0,0.0,0.0,0.0,0.0,0.0,0.0,0.0,0.0,10.0,3.0,2.0,5.0,1700.0,1700.0,357.0,130.0,1213.0,0.0,0.0,0.0,0.0
slevels_090,slevels_090__manhattan__010__CC__A-16_B-16_C-68__001__maxpcount_01,maxpcount_01,001,10,010_CC,4,10,40,CC,total_delay__first_tier_rides__fleet_capacity,0.42374610900878906,1213,130,357,-5,-2,-3,28,0.0001,0.0001,0.0001,0.0001,0.0001,0.0001,0.0001,0,0,0,7,119.0,65.0,242.6,357.0,130.0,1213.0,0.0,0.0,0.0,0.0,0.0,0.0,10.0,3.0,2.0,5.0,1700.0,357.0,130.0,1213.0,0.0,0.0,0.0,0.0,0.0,0.0,0.0,0.0,0.0,0.0,0.0,0.0,0.0,0.0,0.0,0.0,10.0,3.0,2.0,5.0,1700.0,1700.0,357.0,130.0,1213.0,0.0,0.0,0.0,0.0
slevels_100,slevels_100__manhattan__010__CC__A-16_B-16_C-68__001__maxpcount_01,maxpcount_01,001,10,010_CC,4,10,40,CC,total_delay__first_tier_rides__fleet_capacity,0.3809776306152344,1213,130,357,-5,-2,-3,28,0.0001,0.0001,0.0001,0.0001,0.0001,0.0001,0.0001,0,0,0,7,119.0,65.0,242.6,357.0,130.0,1213.0,0.0,0.0,0.0,0.0,0.0,0.0,10.0,3.0,2.0,5.0,1700.0,357.0,130.0,1213.0,0.0,0.0,0.0,0.0,0.0,0.0,0.0,0.0,0.0,0.0,0.0,0.0,0.0,0.0,0.0,0.0,10.0,3.0,2.0,5.0,1700.0,1700.0,357.0,130.0,1213.0,0.0,0.0,0.0,0.0
status_quo,status_quo__manhattan__010__CC__A-16_B-16_C-68__001__maxpcount_01,maxpcount_01,001,10,010_CC,4,10,40,CC,total_delay__first_tier_rides__fleet_capacity,1.1512298583984375,1504,130,493,-5,-2,-3,24,0.0001,0.0001,0.0001,0.0001,0.0001,0.0001,0.0001,0,0,0,6,164.33333333333334,65.0,300.8,493.0,130.0,1504.0,0.0,0.0,0.0,0.0,0.0,0.0,10.0,3.0,2.0,5.0,2127.0,493.0,130.0,1504.0,0.0,0.0,0.0,0.0,0.0,0.0,0.0,0.0,0.0,0.0,0.0,0.0,0.0,0.0,0.0,0.0,10.0,3.0,2.0,5.0,2127.0,2127.0,493.0,130.0,1504.0,0.0,0.0,0.0,0.0
slevels_050,slevels_050__manhattan__010__CC__A-16_B-16_C-68__002__maxpcount_01,maxpcount_01,002,10,010_CC,4,10,40,CC,total_delay__first_tier_rides__fleet_capacity,0.11070442199707031,2005,32,0,-9,-1,0,28,0.0001,0.0001,0.0001,0.0001,0.0001,0.0001,0.0001,0,0,0,7,,32.0,156.0,0.0,32.0,1404.0,,0.0,66.77777777777777,0.0,0.0,601.0,10.0,0.0,1.0,9.0,1436.0,0.0,32.0,1404.0,601.0,0.0,0.0,601.0,0.0,0.0,0.0,0.0,0.0,0.0,0.0,0.0,0.0,0.0,0.0,0.0,10.0,0.0,1.0,9.0,2037.0,1436.0,0.0,32.0,1404.0,601.0,0.0,0.0,601.0
slevels_080,slevels_080__manhattan__010__CC__A-16_B-16_C-68__002__maxpcount_01,maxpcount_01,002,10,010_CC,4,10,40,CC,total_delay__first_tier_rides__fleet_capacity,0.1077117919921875,2005,32,0,-9,-1,0,28,0.0001,0.0001,0.0001,0.0001,0.0001,0.0001,0.0001,0,0,0,7,,32.0,156.0,0.0,32.0,1404.0,,0.0,66.77777777777777,0.0,0.0,601.0,10.0,0.0,1.0,9.0,1436.0,0.0,32.0,1404.0,601.0,0.0,0.0,601.0,0.0,0.0,0.0,0.0,0.0,0.0,0.0,0.0,0.0,0.0,0.0,0.0,10.0,0.0,1.0,9.0,2037.0,1436.0,0.0,32.0,1404.0,601.0,0.0,0.0,601.0
slevels_090,slevels_090__manhattan__010__CC__A-16_B-16_C-68__002__maxpcount_01,maxpcount_01,002,10,010_CC,4,10,40,CC,total_delay__first_tier_rides__fleet_capacity,0.11668968200683594,2005,32,0,-9,-1,0,28,0.0001,0.0001,0.0001,0.0001,0.0001,0.0001,0.0001,0,0,0,7,,32.0,156.0,0.0,32.0,1404.0,,0.0,66.77777777777777,0.0,0.0,601.0,10.0,0.0,1.0,9.0,1436.0,0.0,32.0,1404.0,601.0,0.0,0.0,601.0,0.0,0.0,0.0,0.0,0.0,0.0,0.0,0.0,0.0,0.0,0.0,0.0,10.0,0.0,1.0,9.0,2037.0,1436.0,0.0,32.0,1404.0,601.0,0.0,0.0,601.0
slevels_100,slevels_100__manhattan__010__CC__A-16_B-16_C-68__002__maxpcount_01,maxpcount_01,002,10,010_CC,4,10,40,CC,total_delay__first_tier_rides__fleet_capacity,0.14412689208984375,2005,32,0,-9,-1,0,28,0.0001,0.0001,0.0001,0.0001,0.0001,0.0001,0.0001,0,0,0,7,,32.0,156.0,0.0,32.0,1404.0,,0.0,66.77777777777777,0.0,0.0,601.0,10.0,0.0,1.0,9.0,1436.0,0.0,32.0,1404.0,601.0,0.0,0.0,601.0,0.0,0.0,0.0,0.0,0.0,0.0,0.0,0.0,0.0,0.0,0.0,0.0,10.0,0.0,1.0,9.0,2037.0,1436.0,0.0,32.0,1404.0,601.0,0.0,0.0,601.0
status_quo,status_quo__manhattan__010__CC__A-16_B-16_C-68__002__maxpcount_01,maxpcount_01,002,10,010_CC,4,10,40,CC,total_delay__first_tier_rides__fleet_capacity,0.33609771728515625,2005,32,0,-9,-1,0,28,0.0001,0.0001,0.0001,0.0001,0.0001,0.0001,0.0001,0,0,0,7,,32.0,156.0,0.0,32.0,1404.0,,0.0,66.77777777777777,0.0,0.0,601.0,10.0,0.0,1.0,9.0,1436.0,0.0,32.0,1404.0,601.0,0.0,0.0,601.0,0.0,0.0,0.0,0.0,0.0,0.0,0.0,0.0,0.0,0.0,0.0,0.0,10.0,0.0,1.0,9.0,2037.0,1436.0,0.0,32.0,1404.0,601.0,0.0,0.0,601.0
slevels_050,slevels_050__manhattan__010__CC__A-16_B-16_C-68__003__maxpcount_01,maxpcount_01,003,10,010_CC,4,10,40,CC,total_delay__first_tier_rides__fleet_capacity,4.148662567138672,2263,0,0,-10,0,0,24,0.0001,0.0001,0.0001,0.0001,0.0001,0.0001,0.0001,0,0,0,6,,,184.2,0.0,0.0,1842.0,,,42.1,0.0,0.0,421.0,10.0,0.0,0.0,10.0,1842.0,0.0,0.0,1842.0,421.0,0.0,0.0,421.0,0.0,0.0,0.0,0.0,0.0,0.0,0.0,0.0,0.0,0.0,0.0,0.0,10.0,0.0,0.0,10.0,2263.0,1842.0,0.0,0.0,1842.0,421.0,0.0,0.0,421.0
slevels_080,slevels_080__manhattan__010__CC__A-16_B-16_C-68__003__maxpcount_01,maxpcount_01,003,10,010_CC,4,10,40,CC,total_delay__first_tier_rides__fleet_capacity,4.405801773071289,2263,0,0,-10,0,0,24,0.0001,0.0001,0.0001,0.0001,0.0001,0.0001,0.0001,0,0,0,6,,,184.2,0.0,0.0,1842.0,,,42.1,0.0,0.0,421.0,10.0,0.0,0.0,10.0,1842.0,0.0,0.0,1842.0,421.0,0.0,0.0,421.0,0.0,0.0,0.0,0.0,0.0,0.0,0.0,0.0,0.0,0.0,0.0,0.0,10.0,0.0,0.0,10.0,2263.0,1842.0,0.0,0.0,1842.0,421.0,0.0,0.0,421.0
slevels_090,slevels_090__manhattan__010__CC__A-16_B-16_C-68__003__maxpcount_01,maxpcount_01,003,10,010_CC,4,10,40,CC,total_delay__first_tier_rides__fleet_capacity,5.406293869018555,2263,0,0,-10,0,0,24,0.0001,0.0001,0.0001,0.0001,0.0001,0.0001,0.0001,0,0,0,6,,,184.2,0.0,0.0,1842.0,,,42.1,0.0,0.0,421.0,10.0,0.0,0.0,10.0,1842.0,0.0,0.0,1842.0,421.0,0.0,0.0,421.0,0.0,0.0,0.0,0.0,0.0,0.0,0.0,0.0,0.0,0.0,0.0,0.0,10.0,0.0,0.0,10.0,2263.0,1842.0,0.0,0.0,1842.0,421.0,0.0,0.0,421.0
slevels_100,slevels_100__manhattan__010__CC__A-16_B-16_C-68__003__maxpcount_01,maxpcount_01,003,10,010_CC,4,10,40,CC,total_delay__first_tier_rides__fleet_capacity,5.180196762084961,2263,0,0,-10,0,0,24,0.0001,0.0001,0.0001,0.0001,0.0001,0.0001,0.0001,0,0,0,6,,,184.2,0.0,0.0,1842.0,,,42.1,0.0,0.0,421.0,10.0,0.0,0.0,10.0,1842.0,0.0,0.0,1842.0,421.0,0.0,0.0,421.0,0.0,0.0,0.0,0.0,0.0,0.0,0.0,0.0,0.0,0.0,0.0,0.0,10.0,0.0,0.0,10.0,2263.0,1842.0,0.0,0.0,1842.0,421.0,0.0,0.0,421.0
status_quo,status_quo__manhattan__010__CC__A-16_B-16_C-68__003__maxpcount_01,maxpcount_01,003,10,010_CC,4,10,40,CC,total_delay__first_tier_rides__fleet_capacity,3.8919029235839844,2263,0,0,-10,0,0,24,0.0001,0.0001,0.0001,0.0001,0.0001,0.0001,0.0001,0,0,0,6,,,184.2,0.0,0.0,1842.0,,,42.1,0.0,0.0,421.0,10.0,0.0,0.0,10.0,1842.0,0.0,0.0,1842.0,421.0,0.0,0.0,421.0,0.0,0.0,0.0,0.0,0.0,0.0,0.0,0.0,0.0,0.0,0.0,0.0,10.0,0.0,0.0,10.0,2263.0,1842.0,0.0,0.0,1842.0,421.0,0.0,0.0,421.0
slevels_050,slevels_050__manhattan__010__CC__A-16_B-16_C-68__004__maxpcount_01,maxpcount_01,004,10,010_CC,4,10,40,CC,total_delay__first_tier_rides__fleet_capacity,91.2198314666748,453,1041,0,-4,-5,0,24,0.0001,0.0001,0.0001,0.0001,0.0001,0.0001,0.0001,0,0,0,6,,173.33333333333334,113.0,0.0,1040.0,452.0,,0.16666666666666666,0.25,0.0,1.0,1.0,9.0,0.0,5.0,4.0,1177.0,0.0,725.0,452.0,2.0,0.0,1.0,1.0,1.0,0.0,1.0,0.0,315.0,0.0,315.0,0.0,0.0,0.0,0.0,0.0,10.0,0.0,6.0,4.0,1494.0,1492.0,0.0,1040.0,452.0,2.0,0.0,1.0,1.0
slevels_080,slevels_080__manhattan__010__CC__A-16_B-16_C-68__004__maxpcount_01,maxpcount_01,004,10,010_CC,4,10,40,CC,total_delay__first_tier_rides__fleet_capacity,99.43785858154297,453,1041,0,-4,-5,0,24,0.0001,0.0001,0.0001,0.0001,0.0001,0.0001,0.0001,0,0,0,6,,173.33333333333334,113.0,0.0,1040.0,452.0,,0.16666666666666666,0.25,0.0,1.0,1.0,9.0,0.0,5.0,4.0,1177.0,0.0,725.0,452.0,2.0,0.0,1.0,1.0,1.0,0.0,1.0,0.0,315.0,0.0,315.0,0.0,0.0,0.0,0.0,0.0,10.0,0.0,6.0,4.0,1494.0,1492.0,0.0,1040.0,452.0,2.0,0.0,1.0,1.0
slevels_090,slevels_090__manhattan__010__CC__A-16_B-16_C-68__004__maxpcount_01,maxpcount_01,004,10,010_CC,4,10,40,CC,total_delay__first_tier_rides__fleet_capacity,98.2541561126709,453,1041,0,-4,-5,0,24,0.0001,0.0001,0.0001,0.0001,0.0001,0.0001,0.0001,0,0,0,6,,173.33333333333334,113.0,0.0,1040.0,452.0,,0.16666666666666666,0.25,0.0,1.0,1.0,9.0,0.0,5.0,4.0,1177.0,0.0,725.0,452.0,2.0,0.0,1.0,1.0,1.0,0.0,1.0,0.0,315.0,0.0,315.0,0.0,0.0,0.0,0.0,0.0,10.0,0.0,6.0,4.0,1494.0,1492.0,0.0,1040.0,452.0,2.0,0.0,1.0,1.0
slevels_100,slevels_100__manhattan__010__CC__A-16_B-16_C-68__004__maxpcount_01,maxpcount_01,004,10,010_CC,4,10,40,CC,total_delay__first_tier_rides__fleet_capacity,14.284992218017578,601,707,0,-4,-6,0,28,0.0001,0.0001,0.0001,0.0001,0.0001,0.0001,0.0001,0,0,0,7,,117.66666666666667,150.25,0.0,706.0,601.0,,0.16666666666666666,0.0,0.0,1.0,0.0,10.0,0.0,6.0,4.0,1307.0,0.0,706.0,601.0,1.0,0.0,1.0,0.0,0.0,0.0,0.0,0.0,0.0,0.0,0.0,0.0,0.0,0.0,0.0,0.0,10.0,0.0,6.0,4.0,1308.0,1307.0,0.0,706.0,601.0,1.0,0.0,1.0,0.0
status_quo,status_quo__manhattan__010__CC__A-16_B-16_C-68__004__maxpcount_01,maxpcount_01,004,10,010_CC,4,10,40,CC,total_delay__first_tier_rides__fleet_capacity,408.99354362487793,601,1039,0,-4,-6,0,24,0.0001,0.0001,0.0001,0.0001,0.0001,0.0001,0.0001,0,0,0,6,,173.0,150.25,0.0,1038.0,601.0,,0.16666666666666666,0.0,0.0,1.0,0.0,10.0,0.0,6.0,4.0,1639.0,0.0,1038.0,601.0,1.0,0.0,1.0,0.0,0.0,0.0,0.0,0.0,0.0,0.0,0.0,0.0,0.0,0.0,0.0,0.0,10.0,0.0,6.0,4.0,1640.0,1639.0,0.0,1038.0,601.0,1.0,0.0,1.0,0.0
slevels_050,slevels_050__manhattan__010__CC__A-16_B-16_C-68__005__maxpcount_01,maxpcount_01,005,10,010_CC,4,10,40,CC,total_delay__first_tier_rides__fleet_capacity,1.1574268341064453,1641,236,131,-7,-1,-2,24,0.0001,0.0001,0.0001,0.0001,0.0001,0.0001,0.0001,0,0,0,6,65.5,236.0,161.14285714285714,131.0,236.0,1128.0,0.0,0.0,73.28571428571429,0.0,0.0,513.0,10.0,2.0,1.0,7.0,1495.0,131.0,236.0,1128.0,513.0,0.0,0.0,513.0,0.0,0.0,0.0,0.0,0.0,0.0,0.0,0.0,0.0,0.0,0.0,0.0,10.0,2.0,1.0,7.0,2008.0,1495.0,131.0,236.0,1128.0,513.0,0.0,0.0,513.0
slevels_080,slevels_080__manhattan__010__CC__A-16_B-16_C-68__005__maxpcount_01,maxpcount_01,005,10,010_CC,4,10,40,CC,total_delay__first_tier_rides__fleet_capacity,1.28656005859375,1641,236,131,-7,-1,-2,24,0.0001,0.0001,0.0001,0.0001,0.0001,0.0001,0.0001,0,0,0,6,65.5,236.0,161.14285714285714,131.0,236.0,1128.0,0.0,0.0,73.28571428571429,0.0,0.0,513.0,10.0,2.0,1.0,7.0,1495.0,131.0,236.0,1128.0,513.0,0.0,0.0,513.0,0.0,0.0,0.0,0.0,0.0,0.0,0.0,0.0,0.0,0.0,0.0,0.0,10.0,2.0,1.0,7.0,2008.0,1495.0,131.0,236.0,1128.0,513.0,0.0,0.0,513.0
slevels_090,slevels_090__manhattan__010__CC__A-16_B-16_C-68__005__maxpcount_01,maxpcount_01,005,10,010_CC,4,10,40,CC,total_delay__first_tier_rides__fleet_capacity,1.5155792236328125,1641,236,131,-7,-1,-2,24,0.0001,0.0001,0.0001,0.0001,0.0001,0.0001,0.0001,0,0,0,6,65.5,236.0,161.14285714285714,131.0,236.0,1128.0,0.0,0.0,73.28571428571429,0.0,0.0,513.0,10.0,2.0,1.0,7.0,1495.0,131.0,236.0,1128.0,513.0,0.0,0.0,513.0,0.0,0.0,0.0,0.0,0.0,0.0,0.0,0.0,0.0,0.0,0.0,0.0,10.0,2.0,1.0,7.0,2008.0,1495.0,131.0,236.0,1128.0,513.0,0.0,0.0,513.0
slevels_100,slevels_100__manhattan__010__CC__A-16_B-16_C-68__005__maxpcount_01,maxpcount_01,005,10,010_CC,4,10,40,CC,total_delay__first_tier_rides__fleet_capacity,1.1484737396240234,1641,236,131,-7,-1,-2,24,0.0001,0.0001,0.0001,0.0001,0.0001,0.0001,0.0001,0,0,0,6,65.5,236.0,161.14285714285714,131.0,236.0,1128.0,0.0,0.0,73.28571428571429,0.0,0.0,513.0,10.0,2.0,1.0,7.0,1495.0,131.0,236.0,1128.0,513.0,0.0,0.0,513.0,0.0,0.0,0.0,0.0,0.0,0.0,0.0,0.0,0.0,0.0,0.0,0.0,10.0,2.0,1.0,7.0,2008.0,1495.0,131.0,236.0,1128.0,513.0,0.0,0.0,513.0
status_quo,status_quo__manhattan__010__CC__A-16_B-16_C-68__005__maxpcount_01,maxpcount_01,005,10,010_CC,4,10,40,CC,total_delay__first_tier_rides__fleet_capacity,1.2564449310302734,1641,236,131,-7,-1,-2,24,0.0001,0.0001,0.0001,0.0001,0.0001,0.0001,0.0001,0,0,0,6,65.5,236.0,161.14285714285714,131.0,236.0,1128.0,0.0,0.0,73.28571428571429,0.0,0.0,513.0,10.0,2.0,1.0,7.0,1495.0,131.0,236.0,1128.0,513.0,0.0,0.0,513.0,0.0,0.0,0.0,0.0,0.0,0.0,0.0,0.0,0.0,0.0,0.0,0.0,10.0,2.0,1.0,7.0,2008.0,1495.0,131.0,236.0,1128.0,513.0,0.0,0.0,513.0